bus_i	type	Pd	Qd	Gs	Bs	area	Vm	Va	baseKV	zone	Vmax	Vmin
1	 3	 0.0	 0.0	 0.0	 0.0	 1	    1.00000	    0.00000	 1.0	 1	    1.06000	    0.94000
2	 2	 21.7	 12.7	 0.0	 0.0	 1	    1.00000	    0.00000	 1.0	 1	    1.06000	    0.94000
3	 2	 94.2	 19.0	 0.0	 0.0	 1	    1.00000	    0.00000	 1.0	 1	    1.06000	    0.94000
4	 1	 47.8	 -3.9	 0.0	 0.0	 1	    1.00000	    0.00000	 1.0	 1	    1.06000	    0.94000
5	 1	 7.6	 1.6	 0.0	 0.0	 1	    1.00000	    0.00000	 1.0	 1	    1.06000	    0.94000
6	 2	 11.2	 7.5	 0.0	 0.0	 1	    1.00000	    0.00000	 1.0	 1	    1.06000	    0.94000
7	 1	 0.0	 0.0	 0.0	 0.0	 1	    1.00000	    0.00000	 1.0	 1	    1.06000	    0.94000
8	 2	 0.0	 0.0	 0.0	 0.0	 1	    1.00000	    0.00000	 1.0	 1	    1.06000	    0.94000
9	 1	 29.5	 16.6	 0.0	 19.0	 1	    1.00000	    0.00000	 1.0	 1	    1.06000	    0.94000
10	 1	 9.0	 5.8	 0.0	 0.0	 1	    1.00000	    0.00000	 1.0	 1	    1.06000	    0.94000
11	 1	 3.5	 1.8	 0.0	 0.0	 1	    1.00000	    0.00000	 1.0	 1	    1.06000	    0.94000
12	 1	 6.1	 1.6	 0.0	 0.0	 1	    1.00000	    0.00000	 1.0	 1	    1.06000	    0.94000
13	 1	 13.5	 5.8	 0.0	 0.0	 1	    1.00000	    0.00000	 1.0	 1	    1.06000	    0.94000
14	 1	 14.9	 5.0	 0.0	 0.0	 1	    1.00000	    0.00000	 1.0	 1	    1.06000	    0.94000