2	startup	shutdown	n	c(n-1)	...	c0
2	 0.0	 0.0	 3	   0.000000	   7.920951	   0.000000
2	 0.0	 0.0	 3	   0.000000	  23.269494	   0.000000
2	 0.0	 0.0	 3	   0.000000	   0.000000	   0.000000
2	 0.0	 0.0	 3	   0.000000	   0.000000	   0.000000
2	 0.0	 0.0	 3	   0.000000	   0.000000	   0.000000